league,n,favorite_roi,underdog_roi
mlb,38255,-0.031034454091647512,-0.03886634544624967
nfl,3909,-0.04861331968288829,-0.04984390160863106
nba,20018,-0.03686454527278771,-0.05056107733831294
nhl,19868,-0.03547469629797684,-0.0379293855682874
