Prediction_Method,Log_Loss
nhl_full_ml,0.6681708360660016
nhl_half_ml,0.6674688401042854
mlb_full_ml,0.6737921970335609
mlb_half_ml,0.6712803524653341
nfl_full_ml,0.6091400010082405
nfl_half_ml,0.5932536489704924
nba_full_ml,0.5910837325658385
nba_half_ml,0.5866844528258085
