label,accuracy
MLB_ML,0.5799045296528823
NBA_ML,0.6812763713080169
NHL_ML,0.5935815655441824
NFL_ML,0.6618130577736027
NFL_ELO,0.6082667919210897
