season,percentiles,placements
NFL_2019,0.998009818230065,30
NFL_2020,0.998216880200766,27
NFL_2022,0.9945818850950726,53
NFL_2023,0.9988982371794872,11
