season,percentiles,placements
NFL_2019,0.9974127636990845,39
NFL_2020,0.998216880200766,27
NFL_2022,0.9928439991821714,70
NFL_2023,0.9951923076923077,48
