league,prediction,log_loss
nfl,1,0.6100778377265766
nfl,0,0.6337847446452028
mlb,1,0.6706201611289406
mlb,0,0.6801197568075588
nba,1,0.5833163811881027
nba,0,0.6270306633187944
