league,prediction,brier_score
nfl,1,0.21158151612262774
nfl,0,0.2215477477560687
mlb,1,0.23894957041441095
mlb,0,0.24357340934115454
nba,1,0.19962252825621984
nba,0,0.21872352516206484
