Prediction_Method,Brier_Score
elo_point,0.27479144244611525
elo_win,0.2749129789363418
keener,0.2743911985601534
massey,0.2697777430249126
od,0.2752549047848057
