Prediction_Method,Brier_Score
elo_point,0.23202434163464572
elo_win,0.23474673490723455
keener,0.23038541013413655
massey,0.22880492280031786
od,0.22895503777177098
