Prediction_Method,Brier_Score
elo_point,0.23723836247007832
elo_win,0.24333219166436904
keener,0.23598492380682995
massey,0.2392204765820038
od,0.2513753533894768
