Prediction_Method,Brier_Score
elo_point,0.2670116126673768
elo_win,0.2695812308277434
keener,0.2648929616561496
massey,0.26294296248273824
od,0.2698487366466194
